{"map": [[33.6319580078125, 35.9688110351563], [525.305541992187, 125.692169189453], [739.345947265625, 419.378662109375], [770.671020507813, 571.739929199219], [384.60693359375, 577.43701171875], [82.4508056640625, 392.520263671875], [26.0880737304687, 253.124145507813]], "start": [100.0, 100.0], "target": [700.0, 500.0]}