{"map": [[60.7977905273438, 45.9412078857422], [216.072631835937, 55.0718994140625], [219.770263671875, 171.93896484375], [383.515563964844, 194.154846191406], [393.257690429687, 335.206268310547], [533.037231445313, 356.74560546875], [592.629028320312, 448.769226074219], [724.99853515625, 450.592163085938], [727.972534179688, 562.468994140625], [559.617065429688, 518.829956054688], [481.79248046875, 422.809936523437], [365.672241210937, 391.816589355469], [299.984558105469, 238.119750976563], [209.683471679688, 227.727813720703], [162.506103515625, 106.654724121094], [138.595092773437, 148.158477783203], [61.8995971679688, 163.845184326172]], "start": [100.0, 100.0], "target": [700.0, 500.0]}