{"map": [[25.5138549804688, 84.6251831054687], [126.27392578125, 34.4248352050781], [165.280700683594, 137.572784423828], [87.6097412109375, 203.301116943359], [227.790466308594, 249.370574951172], [240.11474609375, 324.150665283203], [102.7314453125, 367.400817871094], [220.069274902344, 455.315795898438], [81.590087890625, 479.652465820312], [242.652221679687, 550.099060058594], [326.619384765625, 524.204040527344], [316.337280273437, 429.161743164063], [317.8291015625, 305.35546875], [296.543090820313, 222.040069580078], [235.986267089844, 142.329864501953], [244.413208007813, 64.1756439208984], [416.401000976562, 62.0809631347656], [463.29052734375, 135.260589599609], [404.808837890625, 158.322418212891], [372.603149414063, 225.592376708984], [463.070068359375, 268.918212890625], [427.760559082031, 313.087738037109], [404.942443847656, 364.401306152344], [511.144165039063, 373.879333496094], [526.04296875, 248.396301269531], [552.403198242188, 156.957366943359], [544.3173828125, 70.3897094726563], [673.51318359375, 58.4200439453125], [691.077880859375, 142.940399169922], [714.041870117187, 198.188232421875], [677.104370117187, 218.314086914063], [636.217651367187, 273.041687011719], [690.593017578125, 336.048645019531], [733.018798828125, 351.944030761719], [762.509033203125, 409.406921386719], [762.440307617188, 485.399658203125], [733.231811523437, 540.901184082031], [539.108764648438, 481.183654785156], [413.077392578125, 444.480773925781], [470.791259765625, 540.103576660156], [428.691101074219, 564.513549804687], [350.124694824219, 579.121276855469], [129.709777832031, 574.453125], [20.4142456054687, 564.771362304687]], "start": [100.0, 100.0], "target": [700.0, 500.0]}